<?xml version="1.0" encoding="ASCII"?>
<!DOCTYPE nm:output SYSTEM "output.dtd">
<nm:output
xmlns:xsi="http://www.w3.org/2001/XMLSchema-instance"
xsi:schemaLocation="http://namespaces.oreilly.com/xmlnut/address output.xsd"
xmlns:nm="http://namespaces.oreilly.com/xmlnut/address"
>
<nm:start_datetime>2016-07-21T03:01:45.374</nm:start_datetime>
<nm:control_stream><![CDATA[
$PROBLEM    PKPD model
$INPUT      ID TIME DV DROP DROP DROP DROP DROP AMT
$DATA      sim_data.csv IGNORE=@
$SUBROUTINE ADVAN2 TRANS2
$PK

CL   = THETA(1) * EXP(ETA(1))
V    = THETA(2) * EXP(ETA(2))
KA   = THETA(3);* EXP(ETA(3))
SC    = V

$ERROR
BASE = THETA(4); * EXP(ETA(4))
EMAX = THETA(5) * EXP(ETA(3))
EC50 = THETA(6)* EXP(ETA(4))
GAM  = THETA(7);* EXP(ETA(7))

CONC = F
IPRED = BASE + ((EMAX*CONC**GAM)/(EC50**GAM + CONC**GAM))
Y= IPRED*(1+EPS(1))  + EPS(2)

$THETA  0.15 FIX ; 1. CL
 8 FIX ; 2. V
 1 FIX ; 3. Ka
 (0,1) ; 4. BASE
 (0,100) ; 5. EMAX
 (0,7) ; 6. EC50
 (0,2) ; 7. Hill
$OMEGA  0.07  FIX  ;       1 CL
 0.02  FIX  ;        2 V
 0.0625  ;     5 EMAX
 0.0625  ;     6 EC50
;0.6   FIX  ; 3 KA
;0.0625    ; 4 Base
;0.0625        ; 7 EC50
$SIGMA  0.015
 0.0001  FIX
$SIMULATION (9268223) ONLYSIM NSUBPROBLEM=1
$TABLE      ID TIME Y AMT CONC FILE=mc_sim_1.tab NOAPPEND NOPRINT
            NOHEADER

]]></nm:control_stream>
<nm:nmtran><![CDATA[
]]></nm:nmtran>
<nm:nonmem nm:version='7.3.0'>
<nm:license_information><![CDATA[
License Registered to: Uppsala University
Expiration Date:    14 MAR 2017
Current Date:       21 JUL 2016
Days until program expires : 238
]]></nm:license_information>
<nm:program_information><![CDATA[
1NONLINEAR MIXED EFFECTS MODEL PROGRAM (NONMEM) VERSION 7.3.0
 ORIGINALLY DEVELOPED BY STUART BEAL, LEWIS SHEINER, AND ALISON BOECKMANN
 CURRENT DEVELOPERS ARE ROBERT BAUER, ICON DEVELOPMENT SOLUTIONS,
 AND ALISON BOECKMANN. IMPLEMENTATION, EFFICIENCY, AND STANDARDIZATION
 PERFORMED BY NOUS INFOSYSTEMS.
]]></nm:program_information>
<nm:problem nm:number='1' nm:subproblem='1' nm:superproblem1='0' nm:iteration1='0' nm:superproblem2='0' nm:iteration2='0'>
<nm:problem_title>PKPD model</nm:problem_title>
<nm:problem_information><![CDATA[

 PROBLEM NO.:         1
 PKPD model
0DATA CHECKOUT RUN:              NO
 DATA SET LOCATED ON UNIT NO.:    2
 THIS UNIT TO BE REWOUND:        NO
 NO. OF DATA RECS IN DATA SET:       18
 NO. OF DATA ITEMS IN DATA SET:   6
 ID DATA ITEM IS DATA ITEM NO.:   1
 DEP VARIABLE IS DATA ITEM NO.:   3
 MDV DATA ITEM IS DATA ITEM NO.:  6
0INDICES PASSED TO SUBROUTINE PRED:
   5   2   4   0   0   0   0   0   0   0   0
0LABELS FOR DATA ITEMS:
 ID TIME DV AMT EVID MDV
0(NONBLANK) LABELS FOR PRED-DEFINED ITEMS:
 CONC Y
0FORMAT FOR DATA:
 (4E17.0,2F2.0)

 TOT. NO. OF OBS RECS:       16
 TOT. NO. OF INDIVIDUALS:      2
0LENGTH OF THETA:   7
0DEFAULT THETA BOUNDARY TEST OMITTED:    NO
0OMEGA HAS BLOCK FORM:
  1
  0  2
  0  0  3
  0  0  0  4
0DEFAULT OMEGA BOUNDARY TEST OMITTED:    NO
0SIGMA HAS BLOCK FORM:
  1
  0  2
0DEFAULT SIGMA BOUNDARY TEST OMITTED:    NO
0INITIAL ESTIMATE OF THETA:
 LOWER BOUND    INITIAL EST    UPPER BOUND
  0.1500E+00     0.1500E+00     0.1500E+00
  0.8000E+01     0.8000E+01     0.8000E+01
  0.1000E+01     0.1000E+01     0.1000E+01
  0.0000E+00     0.1000E+01     0.1000E+07
  0.0000E+00     0.1000E+03     0.1000E+07
  0.0000E+00     0.7000E+01     0.1000E+07
  0.0000E+00     0.2000E+01     0.1000E+07
0INITIAL ESTIMATE OF OMEGA:
 BLOCK SET NO.   BLOCK                                                                    FIXED
        1                                                                                  YES
                  0.7000E-01
        2                                                                                  YES
                  0.2000E-01
        3                                                                                   NO
                  0.6250E-01
        4                                                                                   NO
                  0.6250E-01
0INITIAL ESTIMATE OF SIGMA:
 BLOCK SET NO.   BLOCK                                                                    FIXED
        1                                                                                   NO
                  0.1500E-01
        2                                                                                  YES
                  0.1000E-03
0SIMULATION STEP OMITTED:    NO
 OBJ FUNC EVALUATED:         NO
0SIMULATION RANDOM METHOD SELECTED (RANMETHOD): DEFAULT
 SOURCE   1:
   SEED1:       9268223   SEED2:             0   PSEUDO-NORMAL
 NUMBER OF SUBPROBLEMS:    1
0TABLES STEP OMITTED:    NO
 NO. OF TABLES:           1
 SEED NUMBER (SEED):    11456
 RANMETHOD:
 MC SAMPLES (ESEED):    300
 WRES SQUARE ROOT TYPE:            EIGENVALUE
0-- TABLE   1 --
04 COLUMNS APPENDED:     NO
 PRINTED:                NO
 HEADER:                 NO
 FILE TO BE FORWARDED:   NO
 FORMAT:                S1PE11.4
 LFORMAT:
 RFORMAT:
0USER-CHOSEN ITEMS:
 ID TIME Y AMT CONC
1DOUBLE PRECISION PREDPP VERSION 7.3.0

 ONE COMPARTMENT MODEL WITH FIRST-ORDER ABSORPTION (ADVAN2)
0MAXIMUM NO. OF BASIC PK PARAMETERS:   3
0BASIC PK PARAMETERS (AFTER TRANSLATION):
   ELIMINATION RATE (K) IS BASIC PK PARAMETER NO.:  1
   ABSORPTION RATE (KA) IS BASIC PK PARAMETER NO.:  3

 TRANSLATOR WILL CONVERT PARAMETERS
 CLEARANCE (CL) AND VOLUME (V) TO K (TRANS2)
0COMPARTMENT ATTRIBUTES
 COMPT. NO.   FUNCTION   INITIAL    ON/OFF      DOSE      DEFAULT    DEFAULT
                         STATUS     ALLOWED    ALLOWED    FOR DOSE   FOR OBS.
    1         DEPOT        OFF        YES        YES        YES        NO
    2         CENTRAL      ON         NO         YES        NO         YES
    3         OUTPUT       OFF        YES        NO         NO         NO
1
 ADDITIONAL PK PARAMETERS - ASSIGNMENT OF ROWS IN GG
 COMPT. NO.                             INDICES
              SCALE      BIOAVAIL.   ZERO-ORDER  ZERO-ORDER  ABSORB
                         FRACTION    RATE        DURATION    LAG
    1            *           *           *           *           *
    2            4           *           *           *           *
    3            *           -           -           -           -
             - PARAMETER IS NOT ALLOWED FOR THIS MODEL
             * PARAMETER IS NOT SUPPLIED BY PK SUBROUTINE;
               WILL DEFAULT TO ONE IF APPLICABLE
0DATA ITEM INDICES USED BY PRED ARE:
   EVENT ID DATA ITEM IS DATA ITEM NO.:      5
   TIME DATA ITEM IS DATA ITEM NO.:          2
   DOSE AMOUNT DATA ITEM IS DATA ITEM NO.:   4

0PK SUBROUTINE CALLED WITH EVERY EVENT RECORD.
 PK SUBROUTINE NOT CALLED AT NONEVENT (ADDITIONAL OR LAGGED) DOSE TIMES.
0ERROR SUBROUTINE CALLED WITH EVERY EVENT RECORD.
]]></nm:problem_information>
<nm:simulation_information><![CDATA[
1
 PROBLEM NO.:         1     SUBPROBLEM NO.:      1

 SIMULATION STEP PERFORMED
 SOURCE  1:
    SEED1:    1883304885   SEED2:             0
]]></nm:simulation_information>
<nm:estimation nm:number='1' nm:type='1'>
<nm:table_series>0</nm:table_series>
</nm:estimation>
</nm:problem>
</nm:nonmem>
<nm:stop_datetime>2016-07-21T03:01:45.414</nm:stop_datetime>
<nm:total_cputime>0.047</nm:total_cputime>
</nm:output>
