<?xml version="1.0" encoding="ASCII"?>
<!DOCTYPE nm:output SYSTEM "output.dtd">
<nm:output
xmlns:xsi="http://www.w3.org/2001/XMLSchema-instance"
xsi:schemaLocation="http://namespaces.oreilly.com/xmlnut/address output.xsd"
xmlns:nm="http://namespaces.oreilly.com/xmlnut/address"
>
<nm:start_datetime>2016-07-27T10:19:38.606</nm:start_datetime>
<nm:control_stream><![CDATA[
$PROBLEM    PKPD model
$INPUT      ID TIME DV AMT
$DATA      est.dat IGNORE=@
$SUBROUTINE ADVAN2 TRANS2
$PK

CL   = THETA(1) * EXP(ETA(1))
V    = THETA(2) * EXP(ETA(2))
KA   = THETA(3);* EXP(ETA(3))
SC    = V

$ERROR
BASE = THETA(4) ;* EXP(ETA(4))
EMAX = THETA(5) * EXP(ETA(3))
EC50 = THETA(6)* EXP(ETA(4))
GAM  = THETA(7) ;* EXP(ETA(7))

CONC = F
IPRED = BASE + ((EMAX*CONC**GAM)/(EC50**GAM + CONC**GAM))
Y= IPRED*(1+EPS(1))  + EPS(2)

$THETA  0.15 FIX ; 1. CL
 8 FIX ; 2. V
 1 FIX ; 3. Ka
 (0,1.5) ; 4. BASE
 (0,150) ; 5. EMAX
 (0,10.5) ; 6. EC50
 (0,3.5) ; 7. Hill
$OMEGA  0.07  FIX  ;       1 CL
 0.02  FIX  ;        2 V
 0.0625  ;     5 EMAX
 0.0625  ;     6 EC50
;0.6   FIX  ; 3 KA
;0.0625    ; 4 Base
;0.0625        ; 7 EC50
$SIGMA  0.015
 0.0001  FIX
$TABLE      ID TIME DV AMT FILE=mc_est_1.tab NOAPPEND NOPRINT NOHEADER
$ESTIMATION METHOD=1 INTER MAXEVAL=9999 SIG=3 PRINT=5 NOABORT POSTHOC
$COVARIANCE

]]></nm:control_stream>
<nm:nmtran><![CDATA[
]]></nm:nmtran>
<nm:nonmem nm:version='7.3.0'>
<nm:license_information><![CDATA[
License Registered to: Uppsala University
Expiration Date:    14 MAR 2017
Current Date:       27 JUL 2016
Days until program expires : 232
]]></nm:license_information>
<nm:program_information><![CDATA[
1NONLINEAR MIXED EFFECTS MODEL PROGRAM (NONMEM) VERSION 7.3.0
 ORIGINALLY DEVELOPED BY STUART BEAL, LEWIS SHEINER, AND ALISON BOECKMANN
 CURRENT DEVELOPERS ARE ROBERT BAUER, ICON DEVELOPMENT SOLUTIONS,
 AND ALISON BOECKMANN. IMPLEMENTATION, EFFICIENCY, AND STANDARDIZATION
 PERFORMED BY NOUS INFOSYSTEMS.
]]></nm:program_information>
<nm:problem nm:number='1' nm:subproblem='0' nm:superproblem1='0' nm:iteration1='0' nm:superproblem2='0' nm:iteration2='0'>
<nm:problem_title>PKPD model</nm:problem_title>
<nm:problem_information><![CDATA[

 PROBLEM NO.:         1
 PKPD model
0DATA CHECKOUT RUN:              NO
 DATA SET LOCATED ON UNIT NO.:    2
 THIS UNIT TO BE REWOUND:        NO
 NO. OF DATA RECS IN DATA SET:       72
 NO. OF DATA ITEMS IN DATA SET:   6
 ID DATA ITEM IS DATA ITEM NO.:   1
 DEP VARIABLE IS DATA ITEM NO.:   3
 MDV DATA ITEM IS DATA ITEM NO.:  6
0INDICES PASSED TO SUBROUTINE PRED:
   5   2   4   0   0   0   0   0   0   0   0
0LABELS FOR DATA ITEMS:
 ID TIME DV AMT EVID MDV
0FORMAT FOR DATA:
 (4E11.0,2F2.0)

 TOT. NO. OF OBS RECS:       64
 TOT. NO. OF INDIVIDUALS:      8
0LENGTH OF THETA:   7
0DEFAULT THETA BOUNDARY TEST OMITTED:    NO
0OMEGA HAS BLOCK FORM:
  1
  0  2
  0  0  3
  0  0  0  4
0DEFAULT OMEGA BOUNDARY TEST OMITTED:    NO
0SIGMA HAS BLOCK FORM:
  1
  0  2
0DEFAULT SIGMA BOUNDARY TEST OMITTED:    NO
0INITIAL ESTIMATE OF THETA:
 LOWER BOUND    INITIAL EST    UPPER BOUND
  0.1500E+00     0.1500E+00     0.1500E+00
  0.8000E+01     0.8000E+01     0.8000E+01
  0.1000E+01     0.1000E+01     0.1000E+01
  0.0000E+00     0.1500E+01     0.1000E+07
  0.0000E+00     0.1500E+03     0.1000E+07
  0.0000E+00     0.1050E+02     0.1000E+07
  0.0000E+00     0.3500E+01     0.1000E+07
0INITIAL ESTIMATE OF OMEGA:
 BLOCK SET NO.   BLOCK                                                                    FIXED
        1                                                                                  YES
                  0.7000E-01
        2                                                                                  YES
                  0.2000E-01
        3                                                                                   NO
                  0.6250E-01
        4                                                                                   NO
                  0.6250E-01
0INITIAL ESTIMATE OF SIGMA:
 BLOCK SET NO.   BLOCK                                                                    FIXED
        1                                                                                   NO
                  0.1500E-01
        2                                                                                  YES
                  0.1000E-03
0COVARIANCE STEP OMITTED:        NO
 EIGENVLS. PRINTED:              NO
 SPECIAL COMPUTATION:            NO
 COMPRESSED FORMAT:              NO
 SIGDIGITS ETAHAT (SIGLO):                  -1
 SIGDIGITS GRADIENTS (SIGL):                -1
 RELATIVE TOLERANCE (TOL):                  -1
 ABSOLUTE TOLERANCE-ADVAN 9,13 ONLY (ATOL): -1
 EXCLUDE COV FOR FOCE (NOFCOV):              NO
 RESUME COV ANALYSIS (RESUME):               NO
0TABLES STEP OMITTED:    NO
 NO. OF TABLES:           1
 SEED NUMBER (SEED):    11456
 RANMETHOD:
 MC SAMPLES (ESEED):    300
 WRES SQUARE ROOT TYPE:            EIGENVALUE
0-- TABLE   1 --
04 COLUMNS APPENDED:     NO
 PRINTED:                NO
 HEADER:                 NO
 FILE TO BE FORWARDED:   NO
 FORMAT:                S1PE11.4
 LFORMAT:
 RFORMAT:
0USER-CHOSEN ITEMS:
 ID TIME DV AMT
1DOUBLE PRECISION PREDPP VERSION 7.3.0

 ONE COMPARTMENT MODEL WITH FIRST-ORDER ABSORPTION (ADVAN2)
0MAXIMUM NO. OF BASIC PK PARAMETERS:   3
0BASIC PK PARAMETERS (AFTER TRANSLATION):
   ELIMINATION RATE (K) IS BASIC PK PARAMETER NO.:  1
   ABSORPTION RATE (KA) IS BASIC PK PARAMETER NO.:  3

 TRANSLATOR WILL CONVERT PARAMETERS
 CLEARANCE (CL) AND VOLUME (V) TO K (TRANS2)
0COMPARTMENT ATTRIBUTES
 COMPT. NO.   FUNCTION   INITIAL    ON/OFF      DOSE      DEFAULT    DEFAULT
                         STATUS     ALLOWED    ALLOWED    FOR DOSE   FOR OBS.
    1         DEPOT        OFF        YES        YES        YES        NO
    2         CENTRAL      ON         NO         YES        NO         YES
    3         OUTPUT       OFF        YES        NO         NO         NO
1
 ADDITIONAL PK PARAMETERS - ASSIGNMENT OF ROWS IN GG
 COMPT. NO.                             INDICES
              SCALE      BIOAVAIL.   ZERO-ORDER  ZERO-ORDER  ABSORB
                         FRACTION    RATE        DURATION    LAG
    1            *           *           *           *           *
    2            4           *           *           *           *
    3            *           -           -           -           -
             - PARAMETER IS NOT ALLOWED FOR THIS MODEL
             * PARAMETER IS NOT SUPPLIED BY PK SUBROUTINE;
               WILL DEFAULT TO ONE IF APPLICABLE
0DATA ITEM INDICES USED BY PRED ARE:
   EVENT ID DATA ITEM IS DATA ITEM NO.:      5
   TIME DATA ITEM IS DATA ITEM NO.:          2
   DOSE AMOUNT DATA ITEM IS DATA ITEM NO.:   4

0PK SUBROUTINE CALLED WITH EVERY EVENT RECORD.
 PK SUBROUTINE NOT CALLED AT NONEVENT (ADDITIONAL OR LAGGED) DOSE TIMES.
0ERROR SUBROUTINE CALLED WITH EVERY EVENT RECORD.
]]></nm:problem_information>
<nm:estimation nm:number='1' nm:type='0'>
<nm:table_series>1</nm:table_series>
<nm:estimation_method>focei</nm:estimation_method>
<nm:estimation_title>First Order Conditional Estimation with Interaction</nm:estimation_title>
<nm:monitor>
<nm:obj nm:iteration='0'>332.71263533893057</nm:obj>
<nm:obj nm:iteration='5'>174.59567802094651</nm:obj>
<nm:obj nm:iteration='10'>170.34730714019838</nm:obj>
<nm:obj nm:iteration='15'>170.24469925510940</nm:obj>
<nm:obj nm:iteration='19'>170.19687639558097</nm:obj>
</nm:monitor>
<nm:termination_status>0</nm:termination_status>
<nm:termination_nfuncevals>188</nm:termination_nfuncevals>
<nm:termination_sigdigits>3.4837834099680149</nm:termination_sigdigits>
<nm:termination_information><![CDATA[
0MINIMIZATION SUCCESSFUL
 NO. OF FUNCTION EVALUATIONS USED:      188
 NO. OF SIG. DIGITS IN FINAL EST.:  3.5
]]></nm:termination_information>
<nm:termination_txtmsg>
<nm:val nm:name='1'>37</nm:val>
</nm:termination_txtmsg>
<nm:etabar>
<nm:row nm:rname='SUBPOP1'>
<nm:col nm:cname='ETA1'>-1.22970104828500140E-002</nm:col>
<nm:col nm:cname='ETA2'>4.16127460617286404E-003</nm:col>
<nm:col nm:cname='ETA3'>1.65435137606215546E-003</nm:col>
<nm:col nm:cname='ETA4'>2.41159086394244354E-003</nm:col>
</nm:row>
</nm:etabar>
<nm:etabarse>
<nm:row nm:rname='SUBPOP1'>
<nm:col nm:cname='ETA1'>7.20188666437721475E-002</nm:col>
<nm:col nm:cname='ETA2'>1.62376568682919935E-002</nm:col>
<nm:col nm:cname='ETA3'>1.25057586128522469E-002</nm:col>
<nm:col nm:cname='ETA4'>8.23563751948883926E-002</nm:col>
</nm:row>
</nm:etabarse>
<nm:etabarn>
<nm:row nm:rname='SUBPOP1'>
<nm:col nm:cname='ETA1'>8</nm:col>
<nm:col nm:cname='ETA2'>8</nm:col>
<nm:col nm:cname='ETA3'>8</nm:col>
<nm:col nm:cname='ETA4'>8</nm:col>
</nm:row>
</nm:etabarn>
<nm:etabarpval>
<nm:row nm:rname='SUBPOP1'>
<nm:col nm:cname='ETA1'>0.86442264508143307</nm:col>
<nm:col nm:cname='ETA2'>0.79774007657664181</nm:col>
<nm:col nm:cname='ETA3'>0.89475708666443055</nm:col>
<nm:col nm:cname='ETA4'>0.97663927072725254</nm:col>
</nm:row>
</nm:etabarpval>
<nm:etashrink>
<nm:row nm:rname='SUBPOP1'>
<nm:col nm:cname='ETA1'>17.692723835688984</nm:col>
<nm:col nm:cname='ETA2'>65.282429277059791</nm:col>
<nm:col nm:cname='ETA3'>48.933905538663439</nm:col>
<nm:col nm:cname='ETA4'>8.7345759054760990</nm:col>
</nm:row>
</nm:etashrink>
<nm:ebvshrink>
<nm:row nm:rname='SUBPOP1'>
<nm:col nm:cname='EBV1'>12.483157432897567</nm:col>
<nm:col nm:cname='EBV2'>44.352709803873282</nm:col>
<nm:col nm:cname='EBV3'>52.854104652143377</nm:col>
<nm:col nm:cname='EBV4'>14.073510711024841</nm:col>
</nm:row>
</nm:ebvshrink>
<nm:epsshrink>
<nm:row nm:rname='SUBPOP1'>
<nm:col nm:cname='EPS1'>13.305635200305364</nm:col>
<nm:col nm:cname='EPS2'>13.305635200305364</nm:col>
</nm:row>
</nm:epsshrink>
<nm:estimation_elapsed_time>0.39</nm:estimation_elapsed_time>
<nm:covariance_information><![CDATA[
]]></nm:covariance_information>
<nm:covariance_status nm:error='0' nm:numnegeigenvalues='-1' nm:mineigenvalue='0.0000000000000000' nm:maxeigenvalue='0.0000000000000000' nm:rms='0.0000000000000000'/>
<nm:covariance_elapsed_time>0.32</nm:covariance_elapsed_time>
<nm:final_objective_function_text>MINIMUM VALUE OF OBJECTIVE FUNCTION</nm:final_objective_function_text>
<nm:final_objective_function>170.19687639558097</nm:final_objective_function>
<nm:theta>
<nm:val nm:name='1'>0.14999999999999999</nm:val>
<nm:val nm:name='2'>8.0000000000000000</nm:val>
<nm:val nm:name='3'>1.0000000000000000</nm:val>
<nm:val nm:name='4'>0.87536633548387877</nm:val>
<nm:val nm:name='5'>109.56228712805496</nm:val>
<nm:val nm:name='6'>7.7370243009739852</nm:val>
<nm:val nm:name='7'>1.8421335378180104</nm:val>
</nm:theta>
<nm:omega>
<nm:row nm:rname='1'>
<nm:col nm:cname='1'>7.00000000000000067E-002</nm:col>
</nm:row>
<nm:row nm:rname='2'>
<nm:col nm:cname='1'>0.0000000000000000</nm:col>
<nm:col nm:cname='2'>2.00000000000000004E-002</nm:col>
</nm:row>
<nm:row nm:rname='3'>
<nm:col nm:cname='1'>0.0000000000000000</nm:col>
<nm:col nm:cname='2'>0.0000000000000000</nm:col>
<nm:col nm:cname='3'>5.48323335244986672E-003</nm:col>
</nm:row>
<nm:row nm:rname='4'>
<nm:col nm:cname='1'>0.0000000000000000</nm:col>
<nm:col nm:cname='2'>0.0000000000000000</nm:col>
<nm:col nm:cname='3'>0.0000000000000000</nm:col>
<nm:col nm:cname='4'>7.44498502373828336E-002</nm:col>
</nm:row>
</nm:omega>
<nm:sigma>
<nm:row nm:rname='1'>
<nm:col nm:cname='1'>1.22418741528190680E-002</nm:col>
</nm:row>
<nm:row nm:rname='2'>
<nm:col nm:cname='1'>0.0000000000000000</nm:col>
<nm:col nm:cname='2'>1.00000000000000005E-004</nm:col>
</nm:row>
</nm:sigma>
<nm:omegac>
<nm:row nm:rname='1'>
<nm:col nm:cname='1'>0.26457513110645908</nm:col>
</nm:row>
<nm:row nm:rname='2'>
<nm:col nm:cname='1'>0.0000000000000000</nm:col>
<nm:col nm:cname='2'>0.14142135623730950</nm:col>
</nm:row>
<nm:row nm:rname='3'>
<nm:col nm:cname='1'>0.0000000000000000</nm:col>
<nm:col nm:cname='2'>0.0000000000000000</nm:col>
<nm:col nm:cname='3'>7.40488578740406134E-002</nm:col>
</nm:row>
<nm:row nm:rname='4'>
<nm:col nm:cname='1'>0.0000000000000000</nm:col>
<nm:col nm:cname='2'>0.0000000000000000</nm:col>
<nm:col nm:cname='3'>0.0000000000000000</nm:col>
<nm:col nm:cname='4'>0.27285499855671114</nm:col>
</nm:row>
</nm:omegac>
<nm:sigmac>
<nm:row nm:rname='1'>
<nm:col nm:cname='1'>0.11064300318058556</nm:col>
</nm:row>
<nm:row nm:rname='2'>
<nm:col nm:cname='1'>0.0000000000000000</nm:col>
<nm:col nm:cname='2'>1.00000000000000002E-002</nm:col>
</nm:row>
</nm:sigmac>
<nm:thetase>
<nm:val nm:name='1'>10000000000.000000</nm:val>
<nm:val nm:name='2'>10000000000.000000</nm:val>
<nm:val nm:name='3'>10000000000.000000</nm:val>
<nm:val nm:name='4'>4.93719246788985044E-002</nm:val>
<nm:val nm:name='5'>9.1747526539394340</nm:val>
<nm:val nm:name='6'>0.85014095487393326</nm:val>
<nm:val nm:name='7'>8.58124748269168403E-002</nm:val>
</nm:thetase>
<nm:omegase>
<nm:row nm:rname='1'>
<nm:col nm:cname='1'>10000000000.000000</nm:col>
</nm:row>
<nm:row nm:rname='2'>
<nm:col nm:cname='1'>10000000000.000000</nm:col>
<nm:col nm:cname='2'>10000000000.000000</nm:col>
</nm:row>
<nm:row nm:rname='3'>
<nm:col nm:cname='1'>10000000000.000000</nm:col>
<nm:col nm:cname='2'>10000000000.000000</nm:col>
<nm:col nm:cname='3'>1.25214716729416652E-002</nm:col>
</nm:row>
<nm:row nm:rname='4'>
<nm:col nm:cname='1'>10000000000.000000</nm:col>
<nm:col nm:cname='2'>10000000000.000000</nm:col>
<nm:col nm:cname='3'>10000000000.000000</nm:col>
<nm:col nm:cname='4'>4.74817739028909336E-002</nm:col>
</nm:row>
</nm:omegase>
<nm:sigmase>
<nm:row nm:rname='1'>
<nm:col nm:cname='1'>2.49213451858540120E-003</nm:col>
</nm:row>
<nm:row nm:rname='2'>
<nm:col nm:cname='1'>10000000000.000000</nm:col>
<nm:col nm:cname='2'>10000000000.000000</nm:col>
</nm:row>
</nm:sigmase>
<nm:omegacse>
<nm:row nm:rname='1'>
<nm:col nm:cname='1'>10000000000.000000</nm:col>
</nm:row>
<nm:row nm:rname='2'>
<nm:col nm:cname='1'>10000000000.000000</nm:col>
<nm:col nm:cname='2'>10000000000.000000</nm:col>
</nm:row>
<nm:row nm:rname='3'>
<nm:col nm:cname='1'>10000000000.000000</nm:col>
<nm:col nm:cname='2'>10000000000.000000</nm:col>
<nm:col nm:cname='3'>8.45487157562988534E-002</nm:col>
</nm:row>
<nm:row nm:rname='4'>
<nm:col nm:cname='1'>10000000000.000000</nm:col>
<nm:col nm:cname='2'>10000000000.000000</nm:col>
<nm:col nm:cname='3'>10000000000.000000</nm:col>
<nm:col nm:cname='4'>8.70091699878134256E-002</nm:col>
</nm:row>
</nm:omegacse>
<nm:sigmacse>
<nm:row nm:rname='1'>
<nm:col nm:cname='1'>1.12620520364847352E-002</nm:col>
</nm:row>
<nm:row nm:rname='2'>
<nm:col nm:cname='1'>10000000000.000000</nm:col>
<nm:col nm:cname='2'>10000000000.000000</nm:col>
</nm:row>
</nm:sigmacse>
<nm:covariance>
<nm:row nm:rname='THETA1'>
<nm:col nm:cname='THETA1'>0.0000000000000000</nm:col>
</nm:row>
<nm:row nm:rname='THETA2'>
<nm:col nm:cname='THETA1'>0.0000000000000000</nm:col>
<nm:col nm:cname='THETA2'>0.0000000000000000</nm:col>
</nm:row>
<nm:row nm:rname='THETA3'>
<nm:col nm:cname='THETA1'>0.0000000000000000</nm:col>
<nm:col nm:cname='THETA2'>0.0000000000000000</nm:col>
<nm:col nm:cname='THETA3'>0.0000000000000000</nm:col>
</nm:row>
<nm:row nm:rname='THETA4'>
<nm:col nm:cname='THETA1'>0.0000000000000000</nm:col>
<nm:col nm:cname='THETA2'>0.0000000000000000</nm:col>
<nm:col nm:cname='THETA3'>0.0000000000000000</nm:col>
<nm:col nm:cname='THETA4'>2.43758694649882750E-003</nm:col>
</nm:row>
<nm:row nm:rname='THETA5'>
<nm:col nm:cname='THETA1'>0.0000000000000000</nm:col>
<nm:col nm:cname='THETA2'>0.0000000000000000</nm:col>
<nm:col nm:cname='THETA3'>0.0000000000000000</nm:col>
<nm:col nm:cname='THETA4'>-0.12589323139625316</nm:col>
<nm:col nm:cname='THETA5'>84.176086260968688</nm:col>
</nm:row>
<nm:row nm:rname='THETA6'>
<nm:col nm:cname='THETA1'>0.0000000000000000</nm:col>
<nm:col nm:cname='THETA2'>0.0000000000000000</nm:col>
<nm:col nm:cname='THETA3'>0.0000000000000000</nm:col>
<nm:col nm:cname='THETA4'>2.29961497826760728E-003</nm:col>
<nm:col nm:cname='THETA5'>1.8114464158120975</nm:col>
<nm:col nm:cname='THETA6'>0.72273964315396300</nm:col>
</nm:row>
<nm:row nm:rname='THETA7'>
<nm:col nm:cname='THETA1'>0.0000000000000000</nm:col>
<nm:col nm:cname='THETA2'>0.0000000000000000</nm:col>
<nm:col nm:cname='THETA3'>0.0000000000000000</nm:col>
<nm:col nm:cname='THETA4'>2.47003823808459189E-003</nm:col>
<nm:col nm:cname='THETA5'>-0.52886952140544641</nm:col>
<nm:col nm:cname='THETA6'>-3.51889063962890838E-002</nm:col>
<nm:col nm:cname='THETA7'>7.36378083592023527E-003</nm:col>
</nm:row>
<nm:row nm:rname='OMEGA(1,1)'>
<nm:col nm:cname='THETA1'>0.0000000000000000</nm:col>
<nm:col nm:cname='THETA2'>0.0000000000000000</nm:col>
<nm:col nm:cname='THETA3'>0.0000000000000000</nm:col>
<nm:col nm:cname='THETA4'>0.0000000000000000</nm:col>
<nm:col nm:cname='THETA5'>0.0000000000000000</nm:col>
<nm:col nm:cname='THETA6'>0.0000000000000000</nm:col>
<nm:col nm:cname='THETA7'>0.0000000000000000</nm:col>
<nm:col nm:cname='OMEGA(1,1)'>0.0000000000000000</nm:col>
</nm:row>
<nm:row nm:rname='OMEGA(1,2)'>
<nm:col nm:cname='THETA1'>0.0000000000000000</nm:col>
<nm:col nm:cname='THETA2'>0.0000000000000000</nm:col>
<nm:col nm:cname='THETA3'>0.0000000000000000</nm:col>
<nm:col nm:cname='THETA4'>0.0000000000000000</nm:col>
<nm:col nm:cname='THETA5'>0.0000000000000000</nm:col>
<nm:col nm:cname='THETA6'>0.0000000000000000</nm:col>
<nm:col nm:cname='THETA7'>0.0000000000000000</nm:col>
<nm:col nm:cname='OMEGA(1,1)'>0.0000000000000000</nm:col>
<nm:col nm:cname='OMEGA(1,2)'>0.0000000000000000</nm:col>
</nm:row>
<nm:row nm:rname='OMEGA(1,3)'>
<nm:col nm:cname='THETA1'>0.0000000000000000</nm:col>
<nm:col nm:cname='THETA2'>0.0000000000000000</nm:col>
<nm:col nm:cname='THETA3'>0.0000000000000000</nm:col>
<nm:col nm:cname='THETA4'>0.0000000000000000</nm:col>
<nm:col nm:cname='THETA5'>0.0000000000000000</nm:col>
<nm:col nm:cname='THETA6'>0.0000000000000000</nm:col>
<nm:col nm:cname='THETA7'>0.0000000000000000</nm:col>
<nm:col nm:cname='OMEGA(1,1)'>0.0000000000000000</nm:col>
<nm:col nm:cname='OMEGA(1,2)'>0.0000000000000000</nm:col>
<nm:col nm:cname='OMEGA(1,3)'>0.0000000000000000</nm:col>
</nm:row>
<nm:row nm:rname='OMEGA(1,4)'>
<nm:col nm:cname='THETA1'>0.0000000000000000</nm:col>
<nm:col nm:cname='THETA2'>0.0000000000000000</nm:col>
<nm:col nm:cname='THETA3'>0.0000000000000000</nm:col>
<nm:col nm:cname='THETA4'>0.0000000000000000</nm:col>
<nm:col nm:cname='THETA5'>0.0000000000000000</nm:col>
<nm:col nm:cname='THETA6'>0.0000000000000000</nm:col>
<nm:col nm:cname='THETA7'>0.0000000000000000</nm:col>
<nm:col nm:cname='OMEGA(1,1)'>0.0000000000000000</nm:col>
<nm:col nm:cname='OMEGA(1,2)'>0.0000000000000000</nm:col>
<nm:col nm:cname='OMEGA(1,3)'>0.0000000000000000</nm:col>
<nm:col nm:cname='OMEGA(1,4)'>0.0000000000000000</nm:col>
</nm:row>
<nm:row nm:rname='OMEGA(2,2)'>
<nm:col nm:cname='THETA1'>0.0000000000000000</nm:col>
<nm:col nm:cname='THETA2'>0.0000000000000000</nm:col>
<nm:col nm:cname='THETA3'>0.0000000000000000</nm:col>
<nm:col nm:cname='THETA4'>0.0000000000000000</nm:col>
<nm:col nm:cname='THETA5'>0.0000000000000000</nm:col>
<nm:col nm:cname='THETA6'>0.0000000000000000</nm:col>
<nm:col nm:cname='THETA7'>0.0000000000000000</nm:col>
<nm:col nm:cname='OMEGA(1,1)'>0.0000000000000000</nm:col>
<nm:col nm:cname='OMEGA(1,2)'>0.0000000000000000</nm:col>
<nm:col nm:cname='OMEGA(1,3)'>0.0000000000000000</nm:col>
<nm:col nm:cname='OMEGA(1,4)'>0.0000000000000000</nm:col>
<nm:col nm:cname='OMEGA(2,2)'>0.0000000000000000</nm:col>
</nm:row>
<nm:row nm:rname='OMEGA(2,3)'>
<nm:col nm:cname='THETA1'>0.0000000000000000</nm:col>
<nm:col nm:cname='THETA2'>0.0000000000000000</nm:col>
<nm:col nm:cname='THETA3'>0.0000000000000000</nm:col>
<nm:col nm:cname='THETA4'>0.0000000000000000</nm:col>
<nm:col nm:cname='THETA5'>0.0000000000000000</nm:col>
<nm:col nm:cname='THETA6'>0.0000000000000000</nm:col>
<nm:col nm:cname='THETA7'>0.0000000000000000</nm:col>
<nm:col nm:cname='OMEGA(1,1)'>0.0000000000000000</nm:col>
<nm:col nm:cname='OMEGA(1,2)'>0.0000000000000000</nm:col>
<nm:col nm:cname='OMEGA(1,3)'>0.0000000000000000</nm:col>
<nm:col nm:cname='OMEGA(1,4)'>0.0000000000000000</nm:col>
<nm:col nm:cname='OMEGA(2,2)'>0.0000000000000000</nm:col>
<nm:col nm:cname='OMEGA(2,3)'>0.0000000000000000</nm:col>
</nm:row>
<nm:row nm:rname='OMEGA(2,4)'>
<nm:col nm:cname='THETA1'>0.0000000000000000</nm:col>
<nm:col nm:cname='THETA2'>0.0000000000000000</nm:col>
<nm:col nm:cname='THETA3'>0.0000000000000000</nm:col>
<nm:col nm:cname='THETA4'>0.0000000000000000</nm:col>
<nm:col nm:cname='THETA5'>0.0000000000000000</nm:col>
<nm:col nm:cname='THETA6'>0.0000000000000000</nm:col>
<nm:col nm:cname='THETA7'>0.0000000000000000</nm:col>
<nm:col nm:cname='OMEGA(1,1)'>0.0000000000000000</nm:col>
<nm:col nm:cname='OMEGA(1,2)'>0.0000000000000000</nm:col>
<nm:col nm:cname='OMEGA(1,3)'>0.0000000000000000</nm:col>
<nm:col nm:cname='OMEGA(1,4)'>0.0000000000000000</nm:col>
<nm:col nm:cname='OMEGA(2,2)'>0.0000000000000000</nm:col>
<nm:col nm:cname='OMEGA(2,3)'>0.0000000000000000</nm:col>
<nm:col nm:cname='OMEGA(2,4)'>0.0000000000000000</nm:col>
</nm:row>
<nm:row nm:rname='OMEGA(3,3)'>
<nm:col nm:cname='THETA1'>0.0000000000000000</nm:col>
<nm:col nm:cname='THETA2'>0.0000000000000000</nm:col>
<nm:col nm:cname='THETA3'>0.0000000000000000</nm:col>
<nm:col nm:cname='THETA4'>1.22992266608225559E-004</nm:col>
<nm:col nm:cname='THETA5'>-0.10533942670187235</nm:col>
<nm:col nm:cname='THETA6'>-1.13375597310704413E-003</nm:col>
<nm:col nm:cname='THETA7'>6.03486023535088891E-004</nm:col>
<nm:col nm:cname='OMEGA(1,1)'>0.0000000000000000</nm:col>
<nm:col nm:cname='OMEGA(1,2)'>0.0000000000000000</nm:col>
<nm:col nm:cname='OMEGA(1,3)'>0.0000000000000000</nm:col>
<nm:col nm:cname='OMEGA(1,4)'>0.0000000000000000</nm:col>
<nm:col nm:cname='OMEGA(2,2)'>0.0000000000000000</nm:col>
<nm:col nm:cname='OMEGA(2,3)'>0.0000000000000000</nm:col>
<nm:col nm:cname='OMEGA(2,4)'>0.0000000000000000</nm:col>
<nm:col nm:cname='OMEGA(3,3)'>1.56787252856280539E-004</nm:col>
</nm:row>
<nm:row nm:rname='OMEGA(3,4)'>
<nm:col nm:cname='THETA1'>0.0000000000000000</nm:col>
<nm:col nm:cname='THETA2'>0.0000000000000000</nm:col>
<nm:col nm:cname='THETA3'>0.0000000000000000</nm:col>
<nm:col nm:cname='THETA4'>0.0000000000000000</nm:col>
<nm:col nm:cname='THETA5'>0.0000000000000000</nm:col>
<nm:col nm:cname='THETA6'>0.0000000000000000</nm:col>
<nm:col nm:cname='THETA7'>0.0000000000000000</nm:col>
<nm:col nm:cname='OMEGA(1,1)'>0.0000000000000000</nm:col>
<nm:col nm:cname='OMEGA(1,2)'>0.0000000000000000</nm:col>
<nm:col nm:cname='OMEGA(1,3)'>0.0000000000000000</nm:col>
<nm:col nm:cname='OMEGA(1,4)'>0.0000000000000000</nm:col>
<nm:col nm:cname='OMEGA(2,2)'>0.0000000000000000</nm:col>
<nm:col nm:cname='OMEGA(2,3)'>0.0000000000000000</nm:col>
<nm:col nm:cname='OMEGA(2,4)'>0.0000000000000000</nm:col>
<nm:col nm:cname='OMEGA(3,3)'>0.0000000000000000</nm:col>
<nm:col nm:cname='OMEGA(3,4)'>0.0000000000000000</nm:col>
</nm:row>
<nm:row nm:rname='OMEGA(4,4)'>
<nm:col nm:cname='THETA1'>0.0000000000000000</nm:col>
<nm:col nm:cname='THETA2'>0.0000000000000000</nm:col>
<nm:col nm:cname='THETA3'>0.0000000000000000</nm:col>
<nm:col nm:cname='THETA4'>-2.38812861094519558E-004</nm:col>
<nm:col nm:cname='THETA5'>0.28106940135817904</nm:col>
<nm:col nm:cname='THETA6'>-2.29240661624676434E-002</nm:col>
<nm:col nm:cname='THETA7'>-5.41047073390674626E-004</nm:col>
<nm:col nm:cname='OMEGA(1,1)'>0.0000000000000000</nm:col>
<nm:col nm:cname='OMEGA(1,2)'>0.0000000000000000</nm:col>
<nm:col nm:cname='OMEGA(1,3)'>0.0000000000000000</nm:col>
<nm:col nm:cname='OMEGA(1,4)'>0.0000000000000000</nm:col>
<nm:col nm:cname='OMEGA(2,2)'>0.0000000000000000</nm:col>
<nm:col nm:cname='OMEGA(2,3)'>0.0000000000000000</nm:col>
<nm:col nm:cname='OMEGA(2,4)'>0.0000000000000000</nm:col>
<nm:col nm:cname='OMEGA(3,3)'>-4.06154339138928191E-004</nm:col>
<nm:col nm:cname='OMEGA(3,4)'>0.0000000000000000</nm:col>
<nm:col nm:cname='OMEGA(4,4)'>2.25451885296525448E-003</nm:col>
</nm:row>
<nm:row nm:rname='SIGMA(1,1)'>
<nm:col nm:cname='THETA1'>0.0000000000000000</nm:col>
<nm:col nm:cname='THETA2'>0.0000000000000000</nm:col>
<nm:col nm:cname='THETA3'>0.0000000000000000</nm:col>
<nm:col nm:cname='THETA4'>7.16392473257216532E-005</nm:col>
<nm:col nm:cname='THETA5'>4.11803071131415423E-003</nm:col>
<nm:col nm:cname='THETA6'>-2.98554731741492948E-004</nm:col>
<nm:col nm:cname='THETA7'>2.35248929239861282E-005</nm:col>
<nm:col nm:cname='OMEGA(1,1)'>0.0000000000000000</nm:col>
<nm:col nm:cname='OMEGA(1,2)'>0.0000000000000000</nm:col>
<nm:col nm:cname='OMEGA(1,3)'>0.0000000000000000</nm:col>
<nm:col nm:cname='OMEGA(1,4)'>0.0000000000000000</nm:col>
<nm:col nm:cname='OMEGA(2,2)'>0.0000000000000000</nm:col>
<nm:col nm:cname='OMEGA(2,3)'>0.0000000000000000</nm:col>
<nm:col nm:cname='OMEGA(2,4)'>0.0000000000000000</nm:col>
<nm:col nm:cname='OMEGA(3,3)'>-1.83934178795394966E-006</nm:col>
<nm:col nm:cname='OMEGA(3,4)'>0.0000000000000000</nm:col>
<nm:col nm:cname='OMEGA(4,4)'>4.54107040859737829E-005</nm:col>
<nm:col nm:cname='SIGMA(1,1)'>6.21073445872488990E-006</nm:col>
</nm:row>
<nm:row nm:rname='SIGMA(1,2)'>
<nm:col nm:cname='THETA1'>0.0000000000000000</nm:col>
<nm:col nm:cname='THETA2'>0.0000000000000000</nm:col>
<nm:col nm:cname='THETA3'>0.0000000000000000</nm:col>
<nm:col nm:cname='THETA4'>0.0000000000000000</nm:col>
<nm:col nm:cname='THETA5'>0.0000000000000000</nm:col>
<nm:col nm:cname='THETA6'>0.0000000000000000</nm:col>
<nm:col nm:cname='THETA7'>0.0000000000000000</nm:col>
<nm:col nm:cname='OMEGA(1,1)'>0.0000000000000000</nm:col>
<nm:col nm:cname='OMEGA(1,2)'>0.0000000000000000</nm:col>
<nm:col nm:cname='OMEGA(1,3)'>0.0000000000000000</nm:col>
<nm:col nm:cname='OMEGA(1,4)'>0.0000000000000000</nm:col>
<nm:col nm:cname='OMEGA(2,2)'>0.0000000000000000</nm:col>
<nm:col nm:cname='OMEGA(2,3)'>0.0000000000000000</nm:col>
<nm:col nm:cname='OMEGA(2,4)'>0.0000000000000000</nm:col>
<nm:col nm:cname='OMEGA(3,3)'>0.0000000000000000</nm:col>
<nm:col nm:cname='OMEGA(3,4)'>0.0000000000000000</nm:col>
<nm:col nm:cname='OMEGA(4,4)'>0.0000000000000000</nm:col>
<nm:col nm:cname='SIGMA(1,1)'>0.0000000000000000</nm:col>
<nm:col nm:cname='SIGMA(1,2)'>0.0000000000000000</nm:col>
</nm:row>
<nm:row nm:rname='SIGMA(2,2)'>
<nm:col nm:cname='THETA1'>0.0000000000000000</nm:col>
<nm:col nm:cname='THETA2'>0.0000000000000000</nm:col>
<nm:col nm:cname='THETA3'>0.0000000000000000</nm:col>
<nm:col nm:cname='THETA4'>0.0000000000000000</nm:col>
<nm:col nm:cname='THETA5'>0.0000000000000000</nm:col>
<nm:col nm:cname='THETA6'>0.0000000000000000</nm:col>
<nm:col nm:cname='THETA7'>0.0000000000000000</nm:col>
<nm:col nm:cname='OMEGA(1,1)'>0.0000000000000000</nm:col>
<nm:col nm:cname='OMEGA(1,2)'>0.0000000000000000</nm:col>
<nm:col nm:cname='OMEGA(1,3)'>0.0000000000000000</nm:col>
<nm:col nm:cname='OMEGA(1,4)'>0.0000000000000000</nm:col>
<nm:col nm:cname='OMEGA(2,2)'>0.0000000000000000</nm:col>
<nm:col nm:cname='OMEGA(2,3)'>0.0000000000000000</nm:col>
<nm:col nm:cname='OMEGA(2,4)'>0.0000000000000000</nm:col>
<nm:col nm:cname='OMEGA(3,3)'>0.0000000000000000</nm:col>
<nm:col nm:cname='OMEGA(3,4)'>0.0000000000000000</nm:col>
<nm:col nm:cname='OMEGA(4,4)'>0.0000000000000000</nm:col>
<nm:col nm:cname='SIGMA(1,1)'>0.0000000000000000</nm:col>
<nm:col nm:cname='SIGMA(1,2)'>0.0000000000000000</nm:col>
<nm:col nm:cname='SIGMA(2,2)'>0.0000000000000000</nm:col>
</nm:row>
</nm:covariance>
<nm:correlation>
<nm:row nm:rname='THETA1'>
<nm:col nm:cname='THETA1'>0.0000000000000000</nm:col>
</nm:row>
<nm:row nm:rname='THETA2'>
<nm:col nm:cname='THETA1'>0.0000000000000000</nm:col>
<nm:col nm:cname='THETA2'>0.0000000000000000</nm:col>
</nm:row>
<nm:row nm:rname='THETA3'>
<nm:col nm:cname='THETA1'>0.0000000000000000</nm:col>
<nm:col nm:cname='THETA2'>0.0000000000000000</nm:col>
<nm:col nm:cname='THETA3'>0.0000000000000000</nm:col>
</nm:row>
<nm:row nm:rname='THETA4'>
<nm:col nm:cname='THETA1'>0.0000000000000000</nm:col>
<nm:col nm:cname='THETA2'>0.0000000000000000</nm:col>
<nm:col nm:cname='THETA3'>0.0000000000000000</nm:col>
<nm:col nm:cname='THETA4'>4.93719246788985044E-002</nm:col>
</nm:row>
<nm:row nm:rname='THETA5'>
<nm:col nm:cname='THETA1'>0.0000000000000000</nm:col>
<nm:col nm:cname='THETA2'>0.0000000000000000</nm:col>
<nm:col nm:cname='THETA3'>0.0000000000000000</nm:col>
<nm:col nm:cname='THETA4'>-0.27792522026855482</nm:col>
<nm:col nm:cname='THETA5'>9.1747526539394340</nm:col>
</nm:row>
<nm:row nm:rname='THETA6'>
<nm:col nm:cname='THETA1'>0.0000000000000000</nm:col>
<nm:col nm:cname='THETA2'>0.0000000000000000</nm:col>
<nm:col nm:cname='THETA3'>0.0000000000000000</nm:col>
<nm:col nm:cname='THETA4'>5.47878341549860315E-002</nm:col>
<nm:col nm:cname='THETA5'>0.23224169286746826</nm:col>
<nm:col nm:cname='THETA6'>0.85014095487393326</nm:col>
</nm:row>
<nm:row nm:rname='THETA7'>
<nm:col nm:cname='THETA1'>0.0000000000000000</nm:col>
<nm:col nm:cname='THETA2'>0.0000000000000000</nm:col>
<nm:col nm:cname='THETA3'>0.0000000000000000</nm:col>
<nm:col nm:cname='THETA4'>0.58300622452850226</nm:col>
<nm:col nm:cname='THETA5'>-0.67174392502749436</nm:col>
<nm:col nm:cname='THETA6'>-0.48235235623937622</nm:col>
<nm:col nm:cname='THETA7'>8.58124748269168403E-002</nm:col>
</nm:row>
<nm:row nm:rname='OMEGA(1,1)'>
<nm:col nm:cname='THETA1'>0.0000000000000000</nm:col>
<nm:col nm:cname='THETA2'>0.0000000000000000</nm:col>
<nm:col nm:cname='THETA3'>0.0000000000000000</nm:col>
<nm:col nm:cname='THETA4'>0.0000000000000000</nm:col>
<nm:col nm:cname='THETA5'>0.0000000000000000</nm:col>
<nm:col nm:cname='THETA6'>0.0000000000000000</nm:col>
<nm:col nm:cname='THETA7'>0.0000000000000000</nm:col>
<nm:col nm:cname='OMEGA(1,1)'>0.0000000000000000</nm:col>
</nm:row>
<nm:row nm:rname='OMEGA(1,2)'>
<nm:col nm:cname='THETA1'>0.0000000000000000</nm:col>
<nm:col nm:cname='THETA2'>0.0000000000000000</nm:col>
<nm:col nm:cname='THETA3'>0.0000000000000000</nm:col>
<nm:col nm:cname='THETA4'>0.0000000000000000</nm:col>
<nm:col nm:cname='THETA5'>0.0000000000000000</nm:col>
<nm:col nm:cname='THETA6'>0.0000000000000000</nm:col>
<nm:col nm:cname='THETA7'>0.0000000000000000</nm:col>
<nm:col nm:cname='OMEGA(1,1)'>0.0000000000000000</nm:col>
<nm:col nm:cname='OMEGA(1,2)'>0.0000000000000000</nm:col>
</nm:row>
<nm:row nm:rname='OMEGA(1,3)'>
<nm:col nm:cname='THETA1'>0.0000000000000000</nm:col>
<nm:col nm:cname='THETA2'>0.0000000000000000</nm:col>
<nm:col nm:cname='THETA3'>0.0000000000000000</nm:col>
<nm:col nm:cname='THETA4'>0.0000000000000000</nm:col>
<nm:col nm:cname='THETA5'>0.0000000000000000</nm:col>
<nm:col nm:cname='THETA6'>0.0000000000000000</nm:col>
<nm:col nm:cname='THETA7'>0.0000000000000000</nm:col>
<nm:col nm:cname='OMEGA(1,1)'>0.0000000000000000</nm:col>
<nm:col nm:cname='OMEGA(1,2)'>0.0000000000000000</nm:col>
<nm:col nm:cname='OMEGA(1,3)'>0.0000000000000000</nm:col>
</nm:row>
<nm:row nm:rname='OMEGA(1,4)'>
<nm:col nm:cname='THETA1'>0.0000000000000000</nm:col>
<nm:col nm:cname='THETA2'>0.0000000000000000</nm:col>
<nm:col nm:cname='THETA3'>0.0000000000000000</nm:col>
<nm:col nm:cname='THETA4'>0.0000000000000000</nm:col>
<nm:col nm:cname='THETA5'>0.0000000000000000</nm:col>
<nm:col nm:cname='THETA6'>0.0000000000000000</nm:col>
<nm:col nm:cname='THETA7'>0.0000000000000000</nm:col>
<nm:col nm:cname='OMEGA(1,1)'>0.0000000000000000</nm:col>
<nm:col nm:cname='OMEGA(1,2)'>0.0000000000000000</nm:col>
<nm:col nm:cname='OMEGA(1,3)'>0.0000000000000000</nm:col>
<nm:col nm:cname='OMEGA(1,4)'>0.0000000000000000</nm:col>
</nm:row>
<nm:row nm:rname='OMEGA(2,2)'>
<nm:col nm:cname='THETA1'>0.0000000000000000</nm:col>
<nm:col nm:cname='THETA2'>0.0000000000000000</nm:col>
<nm:col nm:cname='THETA3'>0.0000000000000000</nm:col>
<nm:col nm:cname='THETA4'>0.0000000000000000</nm:col>
<nm:col nm:cname='THETA5'>0.0000000000000000</nm:col>
<nm:col nm:cname='THETA6'>0.0000000000000000</nm:col>
<nm:col nm:cname='THETA7'>0.0000000000000000</nm:col>
<nm:col nm:cname='OMEGA(1,1)'>0.0000000000000000</nm:col>
<nm:col nm:cname='OMEGA(1,2)'>0.0000000000000000</nm:col>
<nm:col nm:cname='OMEGA(1,3)'>0.0000000000000000</nm:col>
<nm:col nm:cname='OMEGA(1,4)'>0.0000000000000000</nm:col>
<nm:col nm:cname='OMEGA(2,2)'>0.0000000000000000</nm:col>
</nm:row>
<nm:row nm:rname='OMEGA(2,3)'>
<nm:col nm:cname='THETA1'>0.0000000000000000</nm:col>
<nm:col nm:cname='THETA2'>0.0000000000000000</nm:col>
<nm:col nm:cname='THETA3'>0.0000000000000000</nm:col>
<nm:col nm:cname='THETA4'>0.0000000000000000</nm:col>
<nm:col nm:cname='THETA5'>0.0000000000000000</nm:col>
<nm:col nm:cname='THETA6'>0.0000000000000000</nm:col>
<nm:col nm:cname='THETA7'>0.0000000000000000</nm:col>
<nm:col nm:cname='OMEGA(1,1)'>0.0000000000000000</nm:col>
<nm:col nm:cname='OMEGA(1,2)'>0.0000000000000000</nm:col>
<nm:col nm:cname='OMEGA(1,3)'>0.0000000000000000</nm:col>
<nm:col nm:cname='OMEGA(1,4)'>0.0000000000000000</nm:col>
<nm:col nm:cname='OMEGA(2,2)'>0.0000000000000000</nm:col>
<nm:col nm:cname='OMEGA(2,3)'>0.0000000000000000</nm:col>
</nm:row>
<nm:row nm:rname='OMEGA(2,4)'>
<nm:col nm:cname='THETA1'>0.0000000000000000</nm:col>
<nm:col nm:cname='THETA2'>0.0000000000000000</nm:col>
<nm:col nm:cname='THETA3'>0.0000000000000000</nm:col>
<nm:col nm:cname='THETA4'>0.0000000000000000</nm:col>
<nm:col nm:cname='THETA5'>0.0000000000000000</nm:col>
<nm:col nm:cname='THETA6'>0.0000000000000000</nm:col>
<nm:col nm:cname='THETA7'>0.0000000000000000</nm:col>
<nm:col nm:cname='OMEGA(1,1)'>0.0000000000000000</nm:col>
<nm:col nm:cname='OMEGA(1,2)'>0.0000000000000000</nm:col>
<nm:col nm:cname='OMEGA(1,3)'>0.0000000000000000</nm:col>
<nm:col nm:cname='OMEGA(1,4)'>0.0000000000000000</nm:col>
<nm:col nm:cname='OMEGA(2,2)'>0.0000000000000000</nm:col>
<nm:col nm:cname='OMEGA(2,3)'>0.0000000000000000</nm:col>
<nm:col nm:cname='OMEGA(2,4)'>0.0000000000000000</nm:col>
</nm:row>
<nm:row nm:rname='OMEGA(3,3)'>
<nm:col nm:cname='THETA1'>0.0000000000000000</nm:col>
<nm:col nm:cname='THETA2'>0.0000000000000000</nm:col>
<nm:col nm:cname='THETA3'>0.0000000000000000</nm:col>
<nm:col nm:cname='THETA4'>0.19894928011622504</nm:col>
<nm:col nm:cname='THETA5'>-0.91694061608788990</nm:col>
<nm:col nm:cname='THETA6'>-0.10650580378766564</nm:col>
<nm:col nm:cname='THETA7'>0.56164437535369816</nm:col>
<nm:col nm:cname='OMEGA(1,1)'>0.0000000000000000</nm:col>
<nm:col nm:cname='OMEGA(1,2)'>0.0000000000000000</nm:col>
<nm:col nm:cname='OMEGA(1,3)'>0.0000000000000000</nm:col>
<nm:col nm:cname='OMEGA(1,4)'>0.0000000000000000</nm:col>
<nm:col nm:cname='OMEGA(2,2)'>0.0000000000000000</nm:col>
<nm:col nm:cname='OMEGA(2,3)'>0.0000000000000000</nm:col>
<nm:col nm:cname='OMEGA(2,4)'>0.0000000000000000</nm:col>
<nm:col nm:cname='OMEGA(3,3)'>1.25214716729416652E-002</nm:col>
</nm:row>
<nm:row nm:rname='OMEGA(3,4)'>
<nm:col nm:cname='THETA1'>0.0000000000000000</nm:col>
<nm:col nm:cname='THETA2'>0.0000000000000000</nm:col>
<nm:col nm:cname='THETA3'>0.0000000000000000</nm:col>
<nm:col nm:cname='THETA4'>0.0000000000000000</nm:col>
<nm:col nm:cname='THETA5'>0.0000000000000000</nm:col>
<nm:col nm:cname='THETA6'>0.0000000000000000</nm:col>
<nm:col nm:cname='THETA7'>0.0000000000000000</nm:col>
<nm:col nm:cname='OMEGA(1,1)'>0.0000000000000000</nm:col>
<nm:col nm:cname='OMEGA(1,2)'>0.0000000000000000</nm:col>
<nm:col nm:cname='OMEGA(1,3)'>0.0000000000000000</nm:col>
<nm:col nm:cname='OMEGA(1,4)'>0.0000000000000000</nm:col>
<nm:col nm:cname='OMEGA(2,2)'>0.0000000000000000</nm:col>
<nm:col nm:cname='OMEGA(2,3)'>0.0000000000000000</nm:col>
<nm:col nm:cname='OMEGA(2,4)'>0.0000000000000000</nm:col>
<nm:col nm:cname='OMEGA(3,3)'>0.0000000000000000</nm:col>
<nm:col nm:cname='OMEGA(3,4)'>0.0000000000000000</nm:col>
</nm:row>
<nm:row nm:rname='OMEGA(4,4)'>
<nm:col nm:cname='THETA1'>0.0000000000000000</nm:col>
<nm:col nm:cname='THETA2'>0.0000000000000000</nm:col>
<nm:col nm:cname='THETA3'>0.0000000000000000</nm:col>
<nm:col nm:cname='THETA4'>-0.10187103492625968</nm:col>
<nm:col nm:cname='THETA5'>0.64519689434731464</nm:col>
<nm:col nm:cname='THETA6'>-0.56790249810328108</nm:col>
<nm:col nm:cname='THETA7'>-0.13278765130786099</nm:col>
<nm:col nm:cname='OMEGA(1,1)'>0.0000000000000000</nm:col>
<nm:col nm:cname='OMEGA(1,2)'>0.0000000000000000</nm:col>
<nm:col nm:cname='OMEGA(1,3)'>0.0000000000000000</nm:col>
<nm:col nm:cname='OMEGA(1,4)'>0.0000000000000000</nm:col>
<nm:col nm:cname='OMEGA(2,2)'>0.0000000000000000</nm:col>
<nm:col nm:cname='OMEGA(2,3)'>0.0000000000000000</nm:col>
<nm:col nm:cname='OMEGA(2,4)'>0.0000000000000000</nm:col>
<nm:col nm:cname='OMEGA(3,3)'>-0.68313853861536822</nm:col>
<nm:col nm:cname='OMEGA(3,4)'>0.0000000000000000</nm:col>
<nm:col nm:cname='OMEGA(4,4)'>4.74817739028909336E-002</nm:col>
</nm:row>
<nm:row nm:rname='SIGMA(1,1)'>
<nm:col nm:cname='THETA1'>0.0000000000000000</nm:col>
<nm:col nm:cname='THETA2'>0.0000000000000000</nm:col>
<nm:col nm:cname='THETA3'>0.0000000000000000</nm:col>
<nm:col nm:cname='THETA4'>0.58223656478148833</nm:col>
<nm:col nm:cname='THETA5'>0.18010415651880815</nm:col>
<nm:col nm:cname='THETA6'>-0.14091639993643862</nm:col>
<nm:col nm:cname='THETA7'>0.11000330854719537</nm:col>
<nm:col nm:cname='OMEGA(1,1)'>0.0000000000000000</nm:col>
<nm:col nm:cname='OMEGA(1,2)'>0.0000000000000000</nm:col>
<nm:col nm:cname='OMEGA(1,3)'>0.0000000000000000</nm:col>
<nm:col nm:cname='OMEGA(1,4)'>0.0000000000000000</nm:col>
<nm:col nm:cname='OMEGA(2,2)'>0.0000000000000000</nm:col>
<nm:col nm:cname='OMEGA(2,3)'>0.0000000000000000</nm:col>
<nm:col nm:cname='OMEGA(2,4)'>0.0000000000000000</nm:col>
<nm:col nm:cname='OMEGA(3,3)'>-5.89434540554495817E-002</nm:col>
<nm:col nm:cname='OMEGA(3,4)'>0.0000000000000000</nm:col>
<nm:col nm:cname='OMEGA(4,4)'>0.38376010059379645</nm:col>
<nm:col nm:cname='SIGMA(1,1)'>2.49213451858540120E-003</nm:col>
</nm:row>
<nm:row nm:rname='SIGMA(1,2)'>
<nm:col nm:cname='THETA1'>0.0000000000000000</nm:col>
<nm:col nm:cname='THETA2'>0.0000000000000000</nm:col>
<nm:col nm:cname='THETA3'>0.0000000000000000</nm:col>
<nm:col nm:cname='THETA4'>0.0000000000000000</nm:col>
<nm:col nm:cname='THETA5'>0.0000000000000000</nm:col>
<nm:col nm:cname='THETA6'>0.0000000000000000</nm:col>
<nm:col nm:cname='THETA7'>0.0000000000000000</nm:col>
<nm:col nm:cname='OMEGA(1,1)'>0.0000000000000000</nm:col>
<nm:col nm:cname='OMEGA(1,2)'>0.0000000000000000</nm:col>
<nm:col nm:cname='OMEGA(1,3)'>0.0000000000000000</nm:col>
<nm:col nm:cname='OMEGA(1,4)'>0.0000000000000000</nm:col>
<nm:col nm:cname='OMEGA(2,2)'>0.0000000000000000</nm:col>
<nm:col nm:cname='OMEGA(2,3)'>0.0000000000000000</nm:col>
<nm:col nm:cname='OMEGA(2,4)'>0.0000000000000000</nm:col>
<nm:col nm:cname='OMEGA(3,3)'>0.0000000000000000</nm:col>
<nm:col nm:cname='OMEGA(3,4)'>0.0000000000000000</nm:col>
<nm:col nm:cname='OMEGA(4,4)'>0.0000000000000000</nm:col>
<nm:col nm:cname='SIGMA(1,1)'>0.0000000000000000</nm:col>
<nm:col nm:cname='SIGMA(1,2)'>0.0000000000000000</nm:col>
</nm:row>
<nm:row nm:rname='SIGMA(2,2)'>
<nm:col nm:cname='THETA1'>0.0000000000000000</nm:col>
<nm:col nm:cname='THETA2'>0.0000000000000000</nm:col>
<nm:col nm:cname='THETA3'>0.0000000000000000</nm:col>
<nm:col nm:cname='THETA4'>0.0000000000000000</nm:col>
<nm:col nm:cname='THETA5'>0.0000000000000000</nm:col>
<nm:col nm:cname='THETA6'>0.0000000000000000</nm:col>
<nm:col nm:cname='THETA7'>0.0000000000000000</nm:col>
<nm:col nm:cname='OMEGA(1,1)'>0.0000000000000000</nm:col>
<nm:col nm:cname='OMEGA(1,2)'>0.0000000000000000</nm:col>
<nm:col nm:cname='OMEGA(1,3)'>0.0000000000000000</nm:col>
<nm:col nm:cname='OMEGA(1,4)'>0.0000000000000000</nm:col>
<nm:col nm:cname='OMEGA(2,2)'>0.0000000000000000</nm:col>
<nm:col nm:cname='OMEGA(2,3)'>0.0000000000000000</nm:col>
<nm:col nm:cname='OMEGA(2,4)'>0.0000000000000000</nm:col>
<nm:col nm:cname='OMEGA(3,3)'>0.0000000000000000</nm:col>
<nm:col nm:cname='OMEGA(3,4)'>0.0000000000000000</nm:col>
<nm:col nm:cname='OMEGA(4,4)'>0.0000000000000000</nm:col>
<nm:col nm:cname='SIGMA(1,1)'>0.0000000000000000</nm:col>
<nm:col nm:cname='SIGMA(1,2)'>0.0000000000000000</nm:col>
<nm:col nm:cname='SIGMA(2,2)'>0.0000000000000000</nm:col>
</nm:row>
</nm:correlation>
<nm:invcovariance>
<nm:row nm:rname='THETA1'>
<nm:col nm:cname='THETA1'>0.0000000000000000</nm:col>
</nm:row>
<nm:row nm:rname='THETA2'>
<nm:col nm:cname='THETA1'>0.0000000000000000</nm:col>
<nm:col nm:cname='THETA2'>0.0000000000000000</nm:col>
</nm:row>
<nm:row nm:rname='THETA3'>
<nm:col nm:cname='THETA1'>0.0000000000000000</nm:col>
<nm:col nm:cname='THETA2'>0.0000000000000000</nm:col>
<nm:col nm:cname='THETA3'>0.0000000000000000</nm:col>
</nm:row>
<nm:row nm:rname='THETA4'>
<nm:col nm:cname='THETA1'>0.0000000000000000</nm:col>
<nm:col nm:cname='THETA2'>0.0000000000000000</nm:col>
<nm:col nm:cname='THETA3'>0.0000000000000000</nm:col>
<nm:col nm:cname='THETA4'>37272.026508273651</nm:col>
</nm:row>
<nm:row nm:rname='THETA5'>
<nm:col nm:cname='THETA1'>0.0000000000000000</nm:col>
<nm:col nm:cname='THETA2'>0.0000000000000000</nm:col>
<nm:col nm:cname='THETA3'>0.0000000000000000</nm:col>
<nm:col nm:cname='THETA4'>456.96432427403772</nm:col>
<nm:col nm:cname='THETA5'>6.0616413737093691</nm:col>
</nm:row>
<nm:row nm:rname='THETA6'>
<nm:col nm:cname='THETA1'>0.0000000000000000</nm:col>
<nm:col nm:cname='THETA2'>0.0000000000000000</nm:col>
<nm:col nm:cname='THETA3'>0.0000000000000000</nm:col>
<nm:col nm:cname='THETA4'>-4334.6672078813717</nm:col>
<nm:col nm:cname='THETA5'>-57.165116747618001</nm:col>
<nm:col nm:cname='THETA6'>552.51933988852988</nm:col>
</nm:row>
<nm:row nm:rname='THETA7'>
<nm:col nm:cname='THETA1'>0.0000000000000000</nm:col>
<nm:col nm:cname='THETA2'>0.0000000000000000</nm:col>
<nm:col nm:cname='THETA3'>0.0000000000000000</nm:col>
<nm:col nm:cname='THETA4'>-12415.136417390209</nm:col>
<nm:col nm:cname='THETA5'>-146.16802588408518</nm:col>
<nm:col nm:cname='THETA6'>1417.4265628016815</nm:col>
<nm:col nm:cname='THETA7'>4508.1543384329052</nm:col>
</nm:row>
<nm:row nm:rname='OMEGA(1,1)'>
<nm:col nm:cname='THETA1'>0.0000000000000000</nm:col>
<nm:col nm:cname='THETA2'>0.0000000000000000</nm:col>
<nm:col nm:cname='THETA3'>0.0000000000000000</nm:col>
<nm:col nm:cname='THETA4'>0.0000000000000000</nm:col>
<nm:col nm:cname='THETA5'>0.0000000000000000</nm:col>
<nm:col nm:cname='THETA6'>0.0000000000000000</nm:col>
<nm:col nm:cname='THETA7'>0.0000000000000000</nm:col>
<nm:col nm:cname='OMEGA(1,1)'>0.0000000000000000</nm:col>
</nm:row>
<nm:row nm:rname='OMEGA(1,2)'>
<nm:col nm:cname='THETA1'>0.0000000000000000</nm:col>
<nm:col nm:cname='THETA2'>0.0000000000000000</nm:col>
<nm:col nm:cname='THETA3'>0.0000000000000000</nm:col>
<nm:col nm:cname='THETA4'>0.0000000000000000</nm:col>
<nm:col nm:cname='THETA5'>0.0000000000000000</nm:col>
<nm:col nm:cname='THETA6'>0.0000000000000000</nm:col>
<nm:col nm:cname='THETA7'>0.0000000000000000</nm:col>
<nm:col nm:cname='OMEGA(1,1)'>0.0000000000000000</nm:col>
<nm:col nm:cname='OMEGA(1,2)'>0.0000000000000000</nm:col>
</nm:row>
<nm:row nm:rname='OMEGA(1,3)'>
<nm:col nm:cname='THETA1'>0.0000000000000000</nm:col>
<nm:col nm:cname='THETA2'>0.0000000000000000</nm:col>
<nm:col nm:cname='THETA3'>0.0000000000000000</nm:col>
<nm:col nm:cname='THETA4'>0.0000000000000000</nm:col>
<nm:col nm:cname='THETA5'>0.0000000000000000</nm:col>
<nm:col nm:cname='THETA6'>0.0000000000000000</nm:col>
<nm:col nm:cname='THETA7'>0.0000000000000000</nm:col>
<nm:col nm:cname='OMEGA(1,1)'>0.0000000000000000</nm:col>
<nm:col nm:cname='OMEGA(1,2)'>0.0000000000000000</nm:col>
<nm:col nm:cname='OMEGA(1,3)'>0.0000000000000000</nm:col>
</nm:row>
<nm:row nm:rname='OMEGA(1,4)'>
<nm:col nm:cname='THETA1'>0.0000000000000000</nm:col>
<nm:col nm:cname='THETA2'>0.0000000000000000</nm:col>
<nm:col nm:cname='THETA3'>0.0000000000000000</nm:col>
<nm:col nm:cname='THETA4'>0.0000000000000000</nm:col>
<nm:col nm:cname='THETA5'>0.0000000000000000</nm:col>
<nm:col nm:cname='THETA6'>0.0000000000000000</nm:col>
<nm:col nm:cname='THETA7'>0.0000000000000000</nm:col>
<nm:col nm:cname='OMEGA(1,1)'>0.0000000000000000</nm:col>
<nm:col nm:cname='OMEGA(1,2)'>0.0000000000000000</nm:col>
<nm:col nm:cname='OMEGA(1,3)'>0.0000000000000000</nm:col>
<nm:col nm:cname='OMEGA(1,4)'>0.0000000000000000</nm:col>
</nm:row>
<nm:row nm:rname='OMEGA(2,2)'>
<nm:col nm:cname='THETA1'>0.0000000000000000</nm:col>
<nm:col nm:cname='THETA2'>0.0000000000000000</nm:col>
<nm:col nm:cname='THETA3'>0.0000000000000000</nm:col>
<nm:col nm:cname='THETA4'>0.0000000000000000</nm:col>
<nm:col nm:cname='THETA5'>0.0000000000000000</nm:col>
<nm:col nm:cname='THETA6'>0.0000000000000000</nm:col>
<nm:col nm:cname='THETA7'>0.0000000000000000</nm:col>
<nm:col nm:cname='OMEGA(1,1)'>0.0000000000000000</nm:col>
<nm:col nm:cname='OMEGA(1,2)'>0.0000000000000000</nm:col>
<nm:col nm:cname='OMEGA(1,3)'>0.0000000000000000</nm:col>
<nm:col nm:cname='OMEGA(1,4)'>0.0000000000000000</nm:col>
<nm:col nm:cname='OMEGA(2,2)'>0.0000000000000000</nm:col>
</nm:row>
<nm:row nm:rname='OMEGA(2,3)'>
<nm:col nm:cname='THETA1'>0.0000000000000000</nm:col>
<nm:col nm:cname='THETA2'>0.0000000000000000</nm:col>
<nm:col nm:cname='THETA3'>0.0000000000000000</nm:col>
<nm:col nm:cname='THETA4'>0.0000000000000000</nm:col>
<nm:col nm:cname='THETA5'>0.0000000000000000</nm:col>
<nm:col nm:cname='THETA6'>0.0000000000000000</nm:col>
<nm:col nm:cname='THETA7'>0.0000000000000000</nm:col>
<nm:col nm:cname='OMEGA(1,1)'>0.0000000000000000</nm:col>
<nm:col nm:cname='OMEGA(1,2)'>0.0000000000000000</nm:col>
<nm:col nm:cname='OMEGA(1,3)'>0.0000000000000000</nm:col>
<nm:col nm:cname='OMEGA(1,4)'>0.0000000000000000</nm:col>
<nm:col nm:cname='OMEGA(2,2)'>0.0000000000000000</nm:col>
<nm:col nm:cname='OMEGA(2,3)'>0.0000000000000000</nm:col>
</nm:row>
<nm:row nm:rname='OMEGA(2,4)'>
<nm:col nm:cname='THETA1'>0.0000000000000000</nm:col>
<nm:col nm:cname='THETA2'>0.0000000000000000</nm:col>
<nm:col nm:cname='THETA3'>0.0000000000000000</nm:col>
<nm:col nm:cname='THETA4'>0.0000000000000000</nm:col>
<nm:col nm:cname='THETA5'>0.0000000000000000</nm:col>
<nm:col nm:cname='THETA6'>0.0000000000000000</nm:col>
<nm:col nm:cname='THETA7'>0.0000000000000000</nm:col>
<nm:col nm:cname='OMEGA(1,1)'>0.0000000000000000</nm:col>
<nm:col nm:cname='OMEGA(1,2)'>0.0000000000000000</nm:col>
<nm:col nm:cname='OMEGA(1,3)'>0.0000000000000000</nm:col>
<nm:col nm:cname='OMEGA(1,4)'>0.0000000000000000</nm:col>
<nm:col nm:cname='OMEGA(2,2)'>0.0000000000000000</nm:col>
<nm:col nm:cname='OMEGA(2,3)'>0.0000000000000000</nm:col>
<nm:col nm:cname='OMEGA(2,4)'>0.0000000000000000</nm:col>
</nm:row>
<nm:row nm:rname='OMEGA(3,3)'>
<nm:col nm:cname='THETA1'>0.0000000000000000</nm:col>
<nm:col nm:cname='THETA2'>0.0000000000000000</nm:col>
<nm:col nm:cname='THETA3'>0.0000000000000000</nm:col>
<nm:col nm:cname='THETA4'>88031.441647559928</nm:col>
<nm:col nm:cname='THETA5'>1072.8254731108066</nm:col>
<nm:col nm:cname='THETA6'>-9396.1705588481382</nm:col>
<nm:col nm:cname='THETA7'>-29296.944652659153</nm:col>
<nm:col nm:cname='OMEGA(1,1)'>0.0000000000000000</nm:col>
<nm:col nm:cname='OMEGA(1,2)'>0.0000000000000000</nm:col>
<nm:col nm:cname='OMEGA(1,3)'>0.0000000000000000</nm:col>
<nm:col nm:cname='OMEGA(1,4)'>0.0000000000000000</nm:col>
<nm:col nm:cname='OMEGA(2,2)'>0.0000000000000000</nm:col>
<nm:col nm:cname='OMEGA(2,3)'>0.0000000000000000</nm:col>
<nm:col nm:cname='OMEGA(2,4)'>0.0000000000000000</nm:col>
<nm:col nm:cname='OMEGA(3,3)'>276860.41344174661</nm:col>
</nm:row>
<nm:row nm:rname='OMEGA(3,4)'>
<nm:col nm:cname='THETA1'>0.0000000000000000</nm:col>
<nm:col nm:cname='THETA2'>0.0000000000000000</nm:col>
<nm:col nm:cname='THETA3'>0.0000000000000000</nm:col>
<nm:col nm:cname='THETA4'>0.0000000000000000</nm:col>
<nm:col nm:cname='THETA5'>0.0000000000000000</nm:col>
<nm:col nm:cname='THETA6'>0.0000000000000000</nm:col>
<nm:col nm:cname='THETA7'>0.0000000000000000</nm:col>
<nm:col nm:cname='OMEGA(1,1)'>0.0000000000000000</nm:col>
<nm:col nm:cname='OMEGA(1,2)'>0.0000000000000000</nm:col>
<nm:col nm:cname='OMEGA(1,3)'>0.0000000000000000</nm:col>
<nm:col nm:cname='OMEGA(1,4)'>0.0000000000000000</nm:col>
<nm:col nm:cname='OMEGA(2,2)'>0.0000000000000000</nm:col>
<nm:col nm:cname='OMEGA(2,3)'>0.0000000000000000</nm:col>
<nm:col nm:cname='OMEGA(2,4)'>0.0000000000000000</nm:col>
<nm:col nm:cname='OMEGA(3,3)'>0.0000000000000000</nm:col>
<nm:col nm:cname='OMEGA(3,4)'>0.0000000000000000</nm:col>
</nm:row>
<nm:row nm:rname='OMEGA(4,4)'>
<nm:col nm:cname='THETA1'>0.0000000000000000</nm:col>
<nm:col nm:cname='THETA2'>0.0000000000000000</nm:col>
<nm:col nm:cname='THETA3'>0.0000000000000000</nm:col>
<nm:col nm:cname='THETA4'>-78254.509408686499</nm:col>
<nm:col nm:cname='THETA5'>-1061.8154788418569</nm:col>
<nm:col nm:cname='THETA6'>10310.119705262758</nm:col>
<nm:col nm:cname='THETA7'>25135.536105359039</nm:col>
<nm:col nm:cname='OMEGA(1,1)'>0.0000000000000000</nm:col>
<nm:col nm:cname='OMEGA(1,2)'>0.0000000000000000</nm:col>
<nm:col nm:cname='OMEGA(1,3)'>0.0000000000000000</nm:col>
<nm:col nm:cname='OMEGA(1,4)'>0.0000000000000000</nm:col>
<nm:col nm:cname='OMEGA(2,2)'>0.0000000000000000</nm:col>
<nm:col nm:cname='OMEGA(2,3)'>0.0000000000000000</nm:col>
<nm:col nm:cname='OMEGA(2,4)'>0.0000000000000000</nm:col>
<nm:col nm:cname='OMEGA(3,3)'>-160809.51255555535</nm:col>
<nm:col nm:cname='OMEGA(3,4)'>0.0000000000000000</nm:col>
<nm:col nm:cname='OMEGA(4,4)'>195793.20061279682</nm:col>
</nm:row>
<nm:row nm:rname='SIGMA(1,1)'>
<nm:col nm:cname='THETA1'>0.0000000000000000</nm:col>
<nm:col nm:cname='THETA2'>0.0000000000000000</nm:col>
<nm:col nm:cname='THETA3'>0.0000000000000000</nm:col>
<nm:col nm:cname='THETA4'>-296018.35822565865</nm:col>
<nm:col nm:cname='THETA5'>-3403.1165612256023</nm:col>
<nm:col nm:cname='THETA6'>30927.081948483759</nm:col>
<nm:col nm:cname='THETA7'>98724.478482856939</nm:col>
<nm:col nm:cname='OMEGA(1,1)'>0.0000000000000000</nm:col>
<nm:col nm:cname='OMEGA(1,2)'>0.0000000000000000</nm:col>
<nm:col nm:cname='OMEGA(1,3)'>0.0000000000000000</nm:col>
<nm:col nm:cname='OMEGA(1,4)'>0.0000000000000000</nm:col>
<nm:col nm:cname='OMEGA(2,2)'>0.0000000000000000</nm:col>
<nm:col nm:cname='OMEGA(2,3)'>0.0000000000000000</nm:col>
<nm:col nm:cname='OMEGA(2,4)'>0.0000000000000000</nm:col>
<nm:col nm:cname='OMEGA(3,3)'>-809692.32835453446</nm:col>
<nm:col nm:cname='OMEGA(3,4)'>0.0000000000000000</nm:col>
<nm:col nm:cname='OMEGA(4,4)'>527895.11501978349</nm:col>
<nm:col nm:cname='SIGMA(1,1)'>2845110.3627906791</nm:col>
</nm:row>
<nm:row nm:rname='SIGMA(1,2)'>
<nm:col nm:cname='THETA1'>0.0000000000000000</nm:col>
<nm:col nm:cname='THETA2'>0.0000000000000000</nm:col>
<nm:col nm:cname='THETA3'>0.0000000000000000</nm:col>
<nm:col nm:cname='THETA4'>0.0000000000000000</nm:col>
<nm:col nm:cname='THETA5'>0.0000000000000000</nm:col>
<nm:col nm:cname='THETA6'>0.0000000000000000</nm:col>
<nm:col nm:cname='THETA7'>0.0000000000000000</nm:col>
<nm:col nm:cname='OMEGA(1,1)'>0.0000000000000000</nm:col>
<nm:col nm:cname='OMEGA(1,2)'>0.0000000000000000</nm:col>
<nm:col nm:cname='OMEGA(1,3)'>0.0000000000000000</nm:col>
<nm:col nm:cname='OMEGA(1,4)'>0.0000000000000000</nm:col>
<nm:col nm:cname='OMEGA(2,2)'>0.0000000000000000</nm:col>
<nm:col nm:cname='OMEGA(2,3)'>0.0000000000000000</nm:col>
<nm:col nm:cname='OMEGA(2,4)'>0.0000000000000000</nm:col>
<nm:col nm:cname='OMEGA(3,3)'>0.0000000000000000</nm:col>
<nm:col nm:cname='OMEGA(3,4)'>0.0000000000000000</nm:col>
<nm:col nm:cname='OMEGA(4,4)'>0.0000000000000000</nm:col>
<nm:col nm:cname='SIGMA(1,1)'>0.0000000000000000</nm:col>
<nm:col nm:cname='SIGMA(1,2)'>0.0000000000000000</nm:col>
</nm:row>
<nm:row nm:rname='SIGMA(2,2)'>
<nm:col nm:cname='THETA1'>0.0000000000000000</nm:col>
<nm:col nm:cname='THETA2'>0.0000000000000000</nm:col>
<nm:col nm:cname='THETA3'>0.0000000000000000</nm:col>
<nm:col nm:cname='THETA4'>0.0000000000000000</nm:col>
<nm:col nm:cname='THETA5'>0.0000000000000000</nm:col>
<nm:col nm:cname='THETA6'>0.0000000000000000</nm:col>
<nm:col nm:cname='THETA7'>0.0000000000000000</nm:col>
<nm:col nm:cname='OMEGA(1,1)'>0.0000000000000000</nm:col>
<nm:col nm:cname='OMEGA(1,2)'>0.0000000000000000</nm:col>
<nm:col nm:cname='OMEGA(1,3)'>0.0000000000000000</nm:col>
<nm:col nm:cname='OMEGA(1,4)'>0.0000000000000000</nm:col>
<nm:col nm:cname='OMEGA(2,2)'>0.0000000000000000</nm:col>
<nm:col nm:cname='OMEGA(2,3)'>0.0000000000000000</nm:col>
<nm:col nm:cname='OMEGA(2,4)'>0.0000000000000000</nm:col>
<nm:col nm:cname='OMEGA(3,3)'>0.0000000000000000</nm:col>
<nm:col nm:cname='OMEGA(3,4)'>0.0000000000000000</nm:col>
<nm:col nm:cname='OMEGA(4,4)'>0.0000000000000000</nm:col>
<nm:col nm:cname='SIGMA(1,1)'>0.0000000000000000</nm:col>
<nm:col nm:cname='SIGMA(1,2)'>0.0000000000000000</nm:col>
<nm:col nm:cname='SIGMA(2,2)'>0.0000000000000000</nm:col>
</nm:row>
</nm:invcovariance>
</nm:estimation>
</nm:problem>
</nm:nonmem>
<nm:stop_datetime>2016-07-27T10:19:39.384</nm:stop_datetime>
<nm:total_cputime>0.780</nm:total_cputime>
</nm:output>
